Index,1,2,3
1,+7.368182e+01,+3.056639e+210,+0.000000e+00
2,+0.000000e+00,+7.368182e+01,+0.000000e+00
3,+0.000000e+00,-1.469298e+243,+1.173780e+01
